codcnuc,pa_name,pa_start_views,pa_end_views,page_creation
0000.00.0001,Área de Proteção Ambiental de Anhatomirim,2015-07-01,2019-06-20,2011-12-23
0000.00.0002,Área de Proteção Ambiental Cavernas do Peruaçu,2015-07-01,2019-06-20,2013-03-04
0000.00.0007,Área de Proteção Ambiental da Barra do Rio Mamanguape,2015-07-01,2019-06-20,2008-08-15
0000.00.0010,Área de Proteção Ambiental de Petrópolis,2015-07-01,2019-06-20,2013-03-04
0000.00.0011,Área de Proteção Ambiental Serra da Mantiqueira,2015-07-01,2019-06-20,2013-02-15
0000.00.0013,Área de Proteção Ambiental de Cairuçu,2015-07-01,2019-06-20,2013-03-04
0000.00.0016,Área de Proteção Ambiental de Guapi-Mirim,2015-07-01,2019-06-20,2013-03-04
0000.00.0017,Área de Proteção Ambiental de Guaraqueçaba,2015-07-01,2019-06-20,2012-01-29
0000.00.0019,Área de Proteção Ambiental Delta do Parnaíba,2015-07-01,2019-06-20,2019-01-10
0000.00.0020,Área de Proteção Ambiental Carste de Lagoa Santa,2015-07-01,2019-06-20,2009-11-16
0000.00.0021,Área de Proteção Ambiental do Ibirapuitã,2015-07-01,2019-06-20,2012-05-23
0000.00.0027,Área de Proteção Ambiental Morro da Pedreira,2015-07-01,2019-06-20,2013-03-04
0000.00.0030,Área de Relevante Interesse Ecológico Vassununga,2015-07-01,2019-06-20,2013-02-15
0000.00.0032,Área de Relevante Interesse Ecológico Pé-de-Gigante,2015-07-01,2019-06-20,2013-02-15
0000.00.0034,Ilhas Cagarras,2015-07-01,2019-06-20,2006-06-04
0000.00.0036,Área de Relevante Interesse Ecológico Ilha Ameixal,2015-07-01,2019-06-20,2013-02-15
0000.00.0037,Área de Relevante Interesse Ecológico Ilhas Queimada Grande e Queimada Pequena,2015-07-01,2019-06-20,2006-04-03
0000.00.0038,Área de Relevante Interesse Ecológico Javari Buriti,2015-07-01,2019-06-20,2013-02-17
0000.00.0040,Mata de Santa Genebra,2015-07-01,2019-06-20,2008-09-02
0000.00.0043,Área de Relevante Interesse Ecológico Projeto Dinâmica Biológica de Fragmentos Florestais,2015-07-01,2019-06-20,2013-02-17
0000.00.0049,Parque Nacional de Anavilhanas,2015-07-01,2019-06-20,2005-05-13
0000.00.0050,Estação Ecológica de Aracuri-Esmeralda,2015-07-01,2019-06-20,2012-05-23
0000.00.0052,Estação Ecológica de Carijós,2015-07-01,2019-06-20,2005-05-14
0000.00.0053,Estação Ecológica de Cuniã,2015-07-01,2019-06-20,2013-02-17
0000.00.0054,Estação Ecológica de Guaraqueçaba,2015-07-01,2019-06-20,2010-05-05
0000.00.0056,Estação Ecológica de Jutaí-Solimões,2015-07-01,2019-06-20,2013-02-17
0000.00.0057,Reserva Biológica Ilha de Maracá,2015-07-01,2019-06-20,2007-09-25
0000.00.0058,Estação ecológica de Maracá-Jipioca,2015-07-01,2019-06-20,2011-08-07
0000.00.0059,Estação Ecológica de Murici,2015-07-01,2019-06-20,2010-12-22
0000.00.0062,Estação Ecológica de Taiamã,2015-07-01,2019-06-20,2014-01-31
0000.00.0063,Estação Ecológica de Tamoios,2015-07-01,2019-06-20,2013-10-26
0000.00.0064,Estação Ecológica Tupinambás,2015-07-01,2019-06-20,2013-02-15
0000.00.0067,Estação Ecológica do Jari,2015-07-01,2019-06-20,2013-02-17
0000.00.0068,Estação Ecológica Rio Acre,2015-07-01,2019-06-20,2009-06-11
0000.00.0070,Estação Ecológica do Taim,2015-07-01,2019-06-20,2006-02-01
0000.00.0071,Estação Ecológica dos Tupiniquins,2015-07-01,2019-06-20,2011-09-21
0000.00.0072,Estação Ecológica Juami-Japurá,2015-07-01,2019-06-20,2013-02-17
0000.00.0073,Estação Ecológica Mico-Leão-Preto,2015-07-01,2019-06-20,2013-02-15
0000.00.0074,Estação Ecológica Raso da Catarina,2015-07-01,2019-06-20,2008-11-21
0000.00.0075,Estação Ecológica da Serra das Araras,2015-07-01,2019-06-20,2009-05-28
0000.00.0076,Estação Ecológica Serra Geral do Tocantins,2015-07-01,2019-06-20,2008-03-13
0000.00.0085,Floresta Nacional de Balata-Tufari,2015-07-01,2019-06-20,2013-02-17
0000.00.0088,Floresta Nacional de Carajás,2015-07-01,2019-06-20,2006-05-25
0000.00.0089,Floresta Nacional de Caxiuanã,2015-07-01,2019-06-20,2008-11-05
0000.00.0091,Floresta Nacional de Goytacazes,2015-07-01,2019-06-20,2013-03-04
0000.00.0092,Floresta Nacional de Humaitá,2015-07-01,2019-06-20,2013-02-17
0000.00.0097,Floresta Nacional de Jacundá,2015-07-01,2019-06-20,2009-07-10
0000.00.0098,Floresta Nacional de Lorena,2015-07-01,2019-06-20,2009-05-06
0000.00.0101,Floresta Nacional de Pacotuba,2015-07-01,2019-06-20,2013-03-04
0000.00.0104,Floresta Nacional de Pau-Rosa,2015-07-01,2019-06-20,2013-02-17
0000.00.0105,Floresta Nacional de Ritápolis,2015-07-01,2019-06-20,2013-03-04
0000.00.0107,Floresta Nacional de Santa Rosa dos Purus,2015-07-01,2019-06-20,2013-02-16
0000.00.0108,Floresta Nacional de São Francisco,2015-07-01,2019-06-20,2013-02-16
0000.00.0112,Floresta Nacional de Tefé,2015-07-01,2019-06-20,2013-02-17
0000.00.0113,Floresta Nacional de Amapá,2015-07-01,2019-06-20,2013-02-17
0000.00.0116,Floresta Nacional do Bom Futuro,2015-07-01,2019-06-20,2009-05-14
0000.00.0120,Floresta Nacional de Macauã,2015-07-01,2019-06-20,2013-02-16
0000.00.0121,Floresta Nacional de Purus,2015-07-01,2019-06-20,2013-02-17
0000.00.0122,Floresta Nacional do Rio Preto,2015-07-01,2019-06-20,2009-01-06
0000.00.0123,Floresta Nacional do Tapajós,2015-07-01,2019-06-20,2009-09-11
0000.00.0124,Floresta Nacional de Tapirapé-Aquiri,2015-07-01,2019-06-20,2018-04-11
0000.00.0126,Floresta Nacional de Mapiá-Inauiní,2015-07-01,2019-06-20,2013-02-17
0000.00.0129,Floresta Nacional de Passa Quatro,2015-07-01,2019-06-20,2006-01-09
0000.00.0132,Floresta Nacional da Restinga de Cabedelo,2015-07-01,2019-06-20,2011-02-20
0000.00.0133,Floresta Nacional de São Francisco de Paula,2015-07-01,2019-06-20,2012-05-24
0000.00.0134,Floresta Nacional de Três Barras,2015-07-01,2019-06-20,2006-11-14
0000.00.0135,Parque Nacional Cavernas do Peruaçu,2015-07-01,2019-06-20,2010-11-10
0000.00.0136,Parque Nacional da Amazônia,2015-07-01,2019-06-20,2006-10-25
0000.00.0137,Chapada Diamantina,2015-07-01,2019-06-20,2005-05-04
0000.00.0138,Parque Nacional da Chapada dos Guimarães,2015-07-01,2019-06-20,2007-04-29
0000.00.0139,Parque Nacional da Chapada dos Veadeiros,2015-07-01,2019-06-20,2006-02-12
0000.00.0140,Parque Nacional da Lagoa do Peixe,2015-07-01,2019-06-20,2006-03-04
0000.00.0141,Parque Nacional da Restinga de Jurubatiba,2015-07-01,2019-06-20,2004-10-02
0000.00.0142,Parque Nacional da Serra da Bocaina,2015-07-01,2019-06-20,2006-01-30
0000.00.0143,Parque Nacional da Serra da Bodoquena,2015-07-01,2019-06-20,2007-12-10
0000.00.0144,Parque Nacional da Serra da Canastra,2015-07-01,2019-06-20,2004-06-15
0000.00.0145,Parque Nacional Serra da Capivara,2015-07-01,2019-06-20,2005-05-21
0000.00.0146,Parque Nacional da Serra das Confusões,2015-07-01,2019-06-20,2007-07-06
0000.00.0147,Parque Nacional Serra de Itabaiana,2015-07-01,2019-06-20,2009-08-27
0000.00.0148,Parque Nacional da Serra do Cipó,2015-07-01,2019-06-20,2005-09-29
0000.00.0149,Parque Nacional da Serra do Divisor,2015-07-01,2019-06-20,2006-05-06
0000.00.0150,Parque Nacional da Serra do Itajaí,2015-07-01,2019-06-20,2006-06-26
0000.00.0151,Parque Nacional da Serra do Pardo,2015-07-01,2019-06-20,2006-10-28
0000.00.0152,Parque Nacional da Serra dos Órgãos,2015-07-01,2019-06-20,2005-05-04
0000.00.0153,Parque Nacional da Serra Geral,2015-07-01,2019-06-20,2006-03-03
0000.00.0154,Parque Nacional da Tijuca,2015-07-01,2019-06-20,2004-10-07
0000.00.0155,Parque Nacional das Emas,2015-07-01,2019-06-20,2005-06-06
0000.00.0156,Parque Nacional das Nascentes do Rio Parnaíba,2015-07-01,2019-06-20,2007-08-08
0000.00.0157,Parque Nacional das Sempre-Vivas,2015-07-01,2019-06-20,2008-06-10
0000.00.0158,Parque Nacional de Aparados da Serra,2015-07-01,2019-06-20,2006-03-04
0000.00.0159,Parque Nacional de Brasília,2015-07-01,2019-06-20,2005-09-05
0000.00.0160,Parque Nacional do Caparaó,2015-07-01,2019-06-20,2005-08-24
0000.00.0161,Parque Nacional de Ilha Grande,2015-07-01,2019-06-20,2006-06-18
0000.00.0162,Parque Nacional de Jericoacoara,2015-07-01,2019-06-20,2006-10-22
0000.00.0163,Parque Nacional de Pacaás Novos,2015-07-01,2019-06-20,2007-07-06
0000.00.0164,Parque Nacional de Saint-Hilaire/Lange,2015-07-01,2019-06-20,2007-10-13
0000.00.0165,Parque Nacional de São Joaquim,2015-07-01,2019-06-20,2005-08-08
0000.00.0166,Parque Nacional de Sete Cidades,2015-07-01,2019-06-20,2006-09-28
0000.00.0167,Parque Nacional de Ubajara,2015-07-01,2019-06-20,2006-10-09
0000.00.0168,Parque Nacional do Araguaia,2015-07-01,2019-06-20,2009-06-21
0000.00.0169,Parque Nacional do Cabo Orange,2015-07-01,2019-06-20,2006-10-25
0000.00.0170,Parque Nacional do Catimbau,2015-07-01,2019-06-20,2008-02-06
0000.00.0171,Parque Nacional do Descobrimento,2015-07-01,2019-06-20,2007-10-13
0000.00.0172,Parque Nacional do Iguaçu,2015-07-01,2019-06-20,2004-11-05
0000.00.0173,Parque Nacional do Jaú,2015-07-01,2019-06-20,2005-03-09
0000.00.0174,Parque Nacional do Monte Roraima,2015-07-01,2019-06-20,2008-08-25
0000.00.0175,Parque Nacional do Pantanal Matogrossense,2015-07-01,2019-06-20,2008-02-06
0000.00.0176,Parque Nacional do Pau Brasil,2015-07-01,2019-06-20,2015-11-10
0000.00.0177,Parque Nacional do Pico da Neblina,2015-07-01,2019-06-20,2005-10-29
0000.00.0178,Parque Nacional de Superagüi,2015-07-01,2019-06-20,2007-07-13
0000.00.0179,Parque Nacional do Viruá,2015-07-01,2019-06-20,2015-11-10
0000.00.0180,Parque Nacional dos Lençóis Maranhenses,2015-07-01,2019-06-20,2005-09-07
0000.00.0181,Monumento Natural dos Pontões Capixabas,2015-07-01,2019-06-20,2010-01-07
0000.00.0182,Parque Nacional e Histórico do Monte Pascoal,2015-07-01,2019-06-20,2012-08-10
0000.00.0183,Parque Nacional Grande Sertão Veredas,2015-07-01,2019-06-20,2008-06-10
0000.00.0184,Parque Nacional do Itatiaia,2015-07-01,2019-06-20,2005-05-10
0000.00.0185,Parque Nacional Marinho dos Abrolhos,2015-07-01,2019-06-20,2007-07-04
0000.00.0186,Fernando de Noronha,2015-07-01,2019-06-20,2004-07-25
0000.00.0187,Parque Nacional Montanhas do Tumucumaque,2015-07-01,2019-06-20,2006-10-25
0000.00.0188,Parque Nacional da Serra da Cutia,2015-07-01,2019-06-20,2007-09-21
0000.00.0189,Parque Nacional Serra da Mocidade,2015-07-01,2019-06-20,2007-09-23
0000.00.0190,Refúgio de Vida Silvestre da Ilha dos Lobos,2015-07-01,2019-06-20,2009-09-11
0000.00.0191,Reserva Biológica Augusto Ruschi,2015-07-01,2019-06-20,2008-07-30
0000.00.0192,Reserva Biológica da Contagem,2015-07-01,2019-06-20,2016-01-24
0000.00.0193,Reserva Biológica da Mata Escura,2015-07-01,2019-06-20,2013-03-04
0000.00.0194,Reserva Biológica do Abufari,2015-07-01,2019-06-20,2016-01-20
0000.00.0195,Reserva Biológica de Comboios,2015-07-01,2019-06-20,2013-03-04
0000.00.0196,Reserva Biológica Guaribas,2015-07-01,2019-06-20,2007-07-02
0000.00.0197,Reserva Biológica de Pedra Talhada,2015-07-01,2019-06-20,2016-01-20
0000.00.0198,Reserva Biológica de Saltinho,2015-07-01,2019-06-20,2016-01-21
0000.00.0199,Reserva Biológica de Santa Isabel,2015-07-01,2019-06-20,2016-01-27
0000.00.0200,Reserva Biológica de Serra Negra,2015-07-01,2019-06-20,2008-04-05
0000.00.0201,Reserva Biológica de Sooretama,2015-07-01,2019-06-20,2013-03-04
0000.00.0202,Reserva Biológica de Una,2015-07-01,2019-06-20,2013-01-27
0000.00.0203,Atol das Rocas,2015-07-01,2019-06-20,2007-09-27
0000.00.0204,Reserva Biológica do Córrego do Veado,2015-07-01,2019-06-20,2013-03-04
0000.00.0205,Reserva Biológica do Córrego Grande,2015-07-01,2019-06-20,2013-03-04
0000.00.0206,Reserva Biológica do Guaporé,2015-07-01,2019-06-20,2016-01-23
0000.00.0207,Reserva Biológica do Gurupi,2015-07-01,2019-06-20,2016-01-24
0000.00.0208,Reserva Biológica do Jaru,2015-07-01,2019-06-20,2011-05-15
0000.00.0209,Reserva Biológica do Lago Piratuba,2015-07-01,2019-06-20,2013-02-17
0000.00.0210,Reserva Biológica do Rio Trombetas,2015-07-01,2019-06-20,2016-01-26
0000.00.0211,Reserva Biológica do Tapirapé,2015-07-01,2019-06-20,2008-03-18
0000.00.0212,Reserva Biológica Federal do Tinguá,2015-07-01,2019-06-20,2007-06-10
0000.00.0213,Reserva Biológica do Uatumã,2015-07-01,2019-06-20,2016-01-21
0000.00.0214,Reserva Biológica Marinha do Arvoredo,2015-07-01,2019-06-20,2006-07-29
0000.00.0215,Reserva Biológica Poço das Antas,2015-07-01,2019-06-20,2006-11-13
0000.00.0216,Reserva Biológica Nascentes da Serra do Cachimbo,2015-07-01,2019-06-20,2016-01-24
0000.00.0217,Reserva Biológica União,2015-07-01,2019-06-20,2013-01-24
0000.00.0220,Reserva Extrativista Auatí-Paraná,2015-07-01,2019-06-20,2009-06-19
0000.00.0222,Reserva Extrativista Chico Mendes,2015-07-01,2019-06-20,2009-06-19
0000.00.0223,Reserva Extrativista Chocoaré-Mato Grosso,2015-07-01,2019-06-20,2009-06-19
0000.00.0225,Reserva Extrativista Marinha do Delta do Parnaíba,2015-07-01,2019-06-20,2009-06-19
0000.00.0227,Reserva Extrativista Maracanã,2015-07-01,2019-06-20,2009-06-19
0000.00.0228,Reserva Extrativista de São João da Ponta,2015-07-01,2019-06-20,2009-06-19
0000.00.0230,Reserva Extrativista Baixo Juruá,2015-07-01,2019-06-20,2009-06-19
0000.00.0231,Reserva Extrativista do Batoque,2015-07-01,2019-06-20,2009-06-19
0000.00.0232,Reserva Extrativista Cazumbá-Iracema,2015-07-01,2019-06-20,2009-06-19
0000.00.0233,Reserva Extrativista do Lago do Cuniã,2015-07-01,2019-06-20,2009-06-19
0000.00.0234,Reserva Extrativista do Mandira,2015-07-01,2019-06-20,2009-06-19
0000.00.0235,Reserva Extrativista Médio Juruá,2015-07-01,2019-06-20,2009-06-19
0000.00.0238,Reserva Extrativista Federal do Rio Cautário,2015-07-01,2019-06-20,2011-08-11
0000.00.0239,Reserva Extrativista do Rio Jutaí,2015-07-01,2019-06-20,2009-06-19
0000.00.0240,Reserva Extrativista do Extremo Norte do Tocantins,2015-07-01,2019-06-20,2009-06-19
0000.00.0242,Reserva Extrativista do Lago do Capanã Grande,2015-07-01,2019-06-20,2009-06-19
0000.00.0243,Reserva Extrativista Mãe Grande de Curuçá,2015-07-01,2019-06-20,2009-06-19
0000.00.0244,Reserva Extrativista Mapuá,2015-07-01,2019-06-20,2009-06-05
0000.00.0245,Reserva Extrativista Marinha da Baía do Iguape,2015-07-01,2019-06-20,2009-06-19
0000.00.0246,Reserva Extrativista Marinha da Lagoa do Jequiá,2015-07-01,2019-06-20,2009-06-19
0000.00.0247,Reserva Extrativista Marinha de Araí-Peroba,2015-07-01,2019-06-20,2009-06-19
0000.00.0248,Reserva Extrativista Marinha de Caeté-Taperaçu,2015-07-01,2019-06-20,2009-06-19
0000.00.0249,Reserva Extrativista Marinha de Gurupi-Piriá,2015-07-01,2019-06-20,2009-06-19
0000.00.0250,Reserva Extrativista Marinha de Tracuateua,2015-07-01,2019-06-20,2009-06-19
0000.00.0251,Reserva Extrativista Marinha do Arraial do Cabo,2015-07-01,2019-06-20,2009-06-19
0000.00.0252,Reserva Extrativista Marinha do Corumbau,2015-07-01,2019-06-20,2009-06-19
0000.00.0253,Reserva Extrativista de Canavieiras,2015-07-01,2019-06-20,2009-06-19
0000.00.0254,Reserva Extrativista Marinha de Soure,2015-07-01,2019-06-20,2009-06-19
0000.00.0255,Reserva Extrativista Marinha do Pirajubaé,2015-07-01,2019-06-20,2009-06-19
0000.00.0256,Reserva Extrativista do Rio Ouro Preto,2015-07-01,2019-06-20,2009-06-19
0000.00.0259,Reserva Extrativista Tapajós-Arapiuns,2015-07-01,2019-06-20,2009-06-19
0000.00.0260,Reserva Extrativista Verde para Sempre,2015-07-01,2019-06-20,2009-06-19
0000.00.0261,Estação Ecológica da Mata Preta,2015-07-01,2019-06-20,2013-09-18
0000.00.0262,Parque Nacional das Araucárias,2015-07-01,2019-06-20,2010-06-28
0000.00.0264,Parque Nacional do Rio Novo,2015-07-01,2019-06-20,2015-11-10
0000.00.0267,Parque Nacional do Jamanxim,2015-07-01,2019-06-20,2015-11-09
0000.00.0270,Floresta Nacional do Crepori,2015-07-01,2019-06-20,2018-04-13
0000.00.0271,Floresta Nacional do Amaná,2015-07-01,2019-06-20,2010-03-29
0000.00.0272,Parque Nacional da Chapada das Mesas,2015-07-01,2019-06-20,2007-10-07
0000.00.0274,Reserva Extrativista Alto Tarauacá,2015-07-01,2019-06-20,2009-06-19
0000.00.0275,Reserva Biológica das Perobas,2015-07-01,2019-06-20,2008-03-21
0000.00.0276,Reserva Biológica das Araucárias,2015-07-01,2019-06-20,2016-01-20
0000.00.0277,Parque Nacional dos Campos Gerais,2015-07-01,2019-06-20,2012-11-27
0000.00.0281,Parque Nacional do Juruena,2015-07-01,2019-06-20,2010-01-25
0000.00.0282,Reserva Extrativista Terra Grande - Pracuúba,2015-07-01,2019-06-20,2009-06-19
0000.00.0283,Reserva Extrativista Rio Unini,2015-07-01,2019-06-20,2009-06-19
0000.00.0284,Parque Nacional dos Campos Amazônicos,2015-07-01,2019-06-20,2015-11-09
0000.00.0285,Reserva Extrativista Arapixi,2015-07-01,2019-06-20,2009-06-19
0000.00.1078,Reserva Rio das Furnas,2015-07-01,2019-06-20,2011-01-25
0000.00.1102,Reserva Particular do Patrimônio Natural Rio das Lontras,2015-07-01,2019-06-20,2005-12-27
0000.00.1137,Reserva Particular do Patrimônio Natural Mata da Estrela,2015-07-01,2019-06-20,2013-07-11
0000.00.1206,Reserva Particular do Patrimônio Natural Engenho Gargaú,2015-07-01,2019-06-20,2013-07-11
0000.00.1211,Reserva Particular do Patrimônio Natural Fazenda Pacatuba,2015-07-01,2019-06-20,2011-06-04
0000.00.1254,Reserva Particular do Patrimônio Natural Feliciano Miguel Abdala,2015-07-01,2019-06-20,2009-05-05
0000.00.1267,Reserva Particular do Patrimônio Natural Estação Biológica da Mata do Sossego,2015-07-01,2019-06-20,2013-07-13
0000.00.1376,Reserva Natural Serra das Almas,2015-07-01,2019-06-20,2008-08-03
0000.00.1517,Reserva Extrativista Alto Juruá,2015-07-01,2019-06-20,2009-06-19
0000.00.1518,Reserva Extrativista do Rio Cajari,2015-07-01,2019-06-20,2009-06-19
0000.00.1521,Área de Proteção Ambiental Bacia do Paraíba do Sul,2015-07-01,2019-06-20,2013-02-15
0000.00.1563,Reserva Extrativista Acaú–Goiana,2015-07-01,2019-06-20,2009-06-19
0000.00.1564,Reserva Extrativista Chapada Limpa,2015-07-01,2019-06-20,2009-06-19
0000.00.1606,Reserva Extrativista do Médio Purus,2015-07-01,2019-06-20,2009-06-19
0000.00.1626,Parque Nacional das Nascentes do Lago Jari,2015-07-01,2019-06-20,2015-11-10
0000.00.1628,Reserva Extrativista Ituxí,2015-07-01,2019-06-20,2009-06-19
0000.00.1633,Parque Nacional Mapinguari,2015-07-01,2019-06-20,2015-11-10
0000.00.1808,Reserva Extrativista de Cassurubá,2015-07-01,2019-06-20,2009-06-19
0000.00.1809,Reserva Extrativista Prainha do Canto Verde,2015-07-01,2019-06-20,2009-06-19
0000.00.1812,Monumento Natural do Rio São Francisco,2015-07-01,2019-06-20,2010-01-07
0000.00.1813,Refúgio de Vida Silvestre do Rio dos Frades,2015-07-01,2019-06-20,2009-09-11
0000.00.1880,Refúgio de Vida Silvestre de Una,2015-07-01,2019-06-20,2009-09-11
0000.00.1908,Parque Nacional de Boa Nova,2015-07-01,2019-06-20,2015-11-09
0000.00.1909,Parque Nacional da Serra das Lontras,2015-07-01,2019-06-20,2013-07-07
0000.00.1910,Parque Nacional do Alto Cariri,2015-07-01,2019-06-20,2013-07-08
0000.00.1911,Refúgio de Vida Silvestre de Santa Cruz,2015-07-01,2019-06-20,2013-03-04
0000.00.1912,Área de Proteção Ambiental Costa das Algas,2015-07-01,2019-06-20,2013-03-03
0000.00.2075,Reserva Particular do Patrimônio Natural Buraco das Araras,2015-07-01,2019-06-20,2008-04-09
0000.00.2093,Reserva Particular do Patrimônio Natural da Universidade de Santa Cruz do Sul,2015-07-01,2019-06-20,2011-06-19
0000.00.2633,Parque Nacional da Furna Feia,2015-07-01,2019-06-20,2013-01-26
0000.00.2634,Reserva Biológica Bom Jesus,2015-07-01,2019-06-20,2016-01-20
0000.00.2874,Parque Nacional Marinho das Ilhas dos Currais,2015-07-01,2019-06-20,2015-06-14
0000.00.3136,Parque Nacional da Serra do Gandarela,2015-07-01,2019-06-20,2015-11-10
0000.00.3137,Parque Nacional Guaricana,2015-07-01,2019-06-20,2015-11-09
0000.12.0939,Parque Estadual Chandless,2015-07-01,2019-06-20,2005-12-23
0000.13.0981,Reserva de Desenvolvimento Sustentável Amanã,2015-07-01,2019-06-20,2019-05-05
0000.13.0986,Reserva de Desenvolvimento Sustentável Mamirauá,2015-07-01,2019-06-20,2008-08-01
0000.13.1006,Parque Estadual Rio Negro Setor Sul,2015-07-01,2019-06-20,2005-12-02
0000.13.1007,Parque Estadual Rio Negro Setor Norte,2015-07-01,2019-06-20,2005-12-02
0000.13.1008,Parque Estadual Serra do Aracá,2015-07-01,2019-06-20,2005-12-02
0000.13.1010,Parque Estadual Sumaúma,2015-07-01,2019-06-20,2008-09-17
0000.13.1011,Reserva Biológica Morro dos Seis Lagos,2015-07-01,2019-06-20,2019-06-13
0000.15.1021,Serra das Andorinhas,2015-07-01,2019-06-20,2010-04-17
0000.15.1022,Parque Estadual do Utinga,2015-07-01,2019-06-20,2018-07-02
0000.15.1023,Arquipélago do Marajó,2015-07-01,2019-06-20,2009-08-07
0000.15.2042,Parque Estadual Charapucu,2015-07-01,2019-06-20,2011-02-21
0000.16.0293,Área de Proteção Ambiental do Rio Curiaú,2015-07-01,2019-06-20,2007-04-25
0000.17.1486,Parque Estadual do Jalapão,2015-07-01,2019-06-20,2006-06-07
0000.17.1487,Parque Estadual do Cantão,2015-07-01,2019-06-20,2009-09-18
0000.17.1488,Parque Estadual do Lajeado,2015-07-01,2019-06-20,2016-08-07
0000.17.1489,Monumento Natural das Árvores Fossilizadas do Tocantins,2015-07-01,2019-06-20,2016-12-02
0000.17.1501,Área de Proteção Ambiental Ilha do Bananal/Cantão,2015-07-01,2019-06-20,2009-09-17
0000.21.1882,Parque Estadual do Bacanga,2015-07-01,2019-06-20,2005-12-02
0000.21.1886,Parque Estadual Marinho do Parcel de Manuel Luís,2015-07-01,2019-06-20,2005-12-02
0000.21.1887,Área de Proteção Ambiental da Baixada Maranhense,2015-07-01,2019-06-20,2018-05-26
0000.21.1888,Área de Proteção Ambiental de Upaon-Açu-Miritiba-Alto Preguiças,2015-07-01,2019-06-20,2018-05-26
0000.21.1891,Parque Estadual do Sítio do Rangedor,2015-07-01,2019-06-20,2018-05-23
0000.21.1963,Parque Estadual do Mirador,2015-07-01,2019-06-20,2005-12-02
0000.23.0947,Parque Estadual Marinho da Pedra da Risca do Meio,2015-07-01,2019-06-20,2005-12-02
0000.23.0960,Monumento Natural dos Monólitos de Quixadá,2015-07-01,2019-06-20,2006-11-04
0000.23.0961,Monumento Natural das Falésias de Beberibe,2015-07-01,2019-06-20,2008-03-03
0000.23.0963,Parque Estadual do Cocó,2015-07-01,2019-06-20,2006-10-05
0000.24.1475,Parque Estadual Dunas de Natal,2015-07-01,2019-06-20,2005-04-01
0000.25.0483,Parque Estadual da Pedra da Boca,2015-07-01,2019-06-20,2007-01-23
0000.25.0484,Parque Estadual Marinho de Areia Vermelha,2015-07-01,2019-06-20,2006-04-07
0000.25.0904,Vale dos Dinossauros (Sousa),2015-07-01,2019-06-20,2005-09-12
0000.25.2309,Reserva Ecológica do IBGE,2015-07-01,2019-06-20,2016-05-12
0000.25.2331,Estação Ecológica do Pau-Brasil,2015-07-01,2019-06-20,2007-07-03
0000.25.2336,Parque Estadual Pico do Jabre,2015-07-01,2019-06-20,2006-09-22
0000.26.0966,Parque Dois Irmãos,2015-07-01,2019-06-20,2009-12-01
0000.29.0296,Parque Estadual do Morro do Chapéu,2015-07-01,2019-06-20,2005-12-02
0000.29.0297,Parque Estadual das Sete Passagens,2015-07-01,2019-06-20,2005-12-02
0000.29.0325,Parque Estadual da Serra do Conduru,2015-07-01,2019-06-20,2005-12-02
0000.31.0360,Gruta Rei do Mato,2015-07-01,2019-06-20,2007-10-28
0000.31.0368,Parque Estadual do Sumidouro,2015-07-01,2019-06-20,2009-06-27
0000.31.0388,Parque Estadual do Biribiri,2015-07-01,2019-06-20,2007-07-23
0000.31.0393,Parque Estadual da Serra Negra,2015-07-01,2019-06-20,2008-06-22
0000.31.0394,Parque Estadual do Rio Doce,2015-07-01,2019-06-20,2005-03-20
0000.31.0398,Parque Estadual da Serra do Rola-Moça,2015-07-01,2019-06-20,2007-10-08
0000.31.0404,Pico do Itambé,2015-07-01,2019-06-20,2006-09-22
0000.31.0406,Pico do Papagaio (Minas Gerais),2015-07-01,2019-06-20,2006-10-09
0000.31.0890,Parque Estadual da Serra do Cabral,2015-07-01,2019-06-20,2006-04-27
0000.32.0331,Parque Estadual de Itaúnas,2015-07-01,2019-06-20,2005-12-02
0000.32.0332,Parque Estadual Paulo César Vinha,2015-07-01,2019-06-20,2005-12-02
0000.32.1533,Frade e a Freira,2015-07-01,2019-06-20,2005-04-24
0000.32.1534,Parque Estadual do Forno Grande,2015-07-01,2019-06-20,2005-12-02
0000.32.1667,Reserva Biológica de Duas Bocas,2015-07-01,2019-06-20,2008-07-30
0000.32.1673,Parque Estadual da Pedra Azul,2015-07-01,2019-06-20,2005-12-02
0000.32.1831,Parque Estadual da Cachoeira da Fumaça,2015-07-01,2019-06-20,2005-12-02
0000.32.1833,Parque Estadual de Mata das Flores,2015-07-01,2019-06-20,2005-12-02
0000.33.0728,Reserva Biológica Estadual da Praia do Sul,2015-07-01,2019-06-20,2012-05-16
0000.33.1476,Parque Estadual da Serra da Tiririca,2015-07-01,2019-06-20,2006-06-24
0000.33.1477,Parque Estadual da Ilha Grande,2015-07-01,2019-06-20,2008-10-10
0000.33.1478,Parque Estadual da Pedra Branca,2015-07-01,2019-06-20,2007-10-01
0000.33.1479,Parque Estadual do Desengano,2015-07-01,2019-06-20,2007-09-21
0000.33.1480,Parque Estadual da Serra da Concórdia,2015-07-01,2019-06-20,2009-01-10
0000.33.1483,Reserva Biológica de Araras,2015-07-01,2019-06-20,2006-06-12
0000.33.1485,Parque Estadual dos Três Picos,2015-07-01,2019-06-20,2005-08-08
0000.33.2732,Parque Estadual da Costa do Sol,2015-07-01,2019-06-20,2011-06-02
0000.35.0798,Parque Estadual da Serra do Mar,2015-07-01,2019-06-20,2005-03-15
0000.35.0800,Parque Estadual de Campos do Jordão,2015-07-01,2019-06-20,2006-12-06
0000.35.0801,Parque Estadual do Jurupará,2015-07-01,2019-06-20,2009-04-04
0000.35.0808,Estação Ecológica Jataí,2015-07-01,2019-06-20,2014-01-24
0000.35.0810,Parque Estadual Carlos Botelho,2015-07-01,2019-06-20,2005-09-30
0000.35.0816,Parque Estadual Morro do Diabo,2015-07-01,2019-06-20,2005-10-21
0000.35.0818,Estação Ecológica Mata do Jacaré,2015-07-01,2019-06-20,2012-09-01
0000.35.0823,Parque Estadual de Porto Ferreira,2015-07-01,2019-06-20,2015-12-17
0000.35.0825,Parque Estadual das Furnas do Bom Jesus,2015-07-01,2019-06-20,2015-12-16
0000.35.0826,Parque Estadual Turístico do Alto Ribeira,2015-07-01,2019-06-20,2004-06-15
0000.35.0831,Parque Estadual do Juqueri,2015-07-01,2019-06-20,2006-03-20
0000.35.0833,Parque Estadual Xixová-Japuí,2015-07-01,2019-06-20,2014-05-02
0000.35.0834,Parque Estadual Marinho da Laje de Santos,2015-07-01,2019-06-20,2005-09-07
0000.35.0836,Parque Estadual dos Mananciais de Campos do Jordão,2015-07-01,2019-06-20,2010-05-10
0000.35.0841,Parque Estadual da Ilha do Cardoso,2015-07-01,2019-06-20,2006-01-27
0000.35.0844,Parque Estadual da Cantareira,2015-07-01,2019-06-20,2004-12-26
0000.35.0845,Parque Estadual Aguapeí,2015-07-01,2019-06-20,2006-08-23
0000.35.0853,Parque Estadual Vassununga,2015-07-01,2019-06-20,2006-03-08
0000.35.0854,Parque Estadual Campina do Encantado,2015-07-01,2019-06-20,2014-05-03
0000.35.0855,Parque Estadual de Ilhabela,2015-07-01,2019-06-20,2007-12-05
0000.35.0856,Parque Estadual da Ilha Anchieta,2015-07-01,2019-06-20,2005-05-09
0000.35.0857,Estação Ecológica dos Caetetus,2015-07-01,2019-06-20,2013-07-13
0000.35.0862,Estação Ecológica de Juréia-Itatins,2015-07-01,2019-06-20,2005-08-18
0000.35.0870,Parque Estadual do Rio Peixe,2015-07-01,2019-06-20,2012-04-03
0000.35.1672,Estação Ecológica do Barreiro Rico,2015-07-01,2019-06-20,2013-07-13
0000.35.1675,Parque Estadual Caverna do Diabo,2015-07-01,2019-06-20,2015-12-16
0000.35.1676,Parque Estadual Intervales,2015-07-01,2019-06-20,2008-11-23
0000.35.1677,Parque Estadual do Itinguçu,2015-07-01,2019-06-20,2015-12-17
0000.35.1678,Parque Estadual Lagamar de Cananéia,2015-07-01,2019-06-20,2015-12-16
0000.35.1679,Parque Estadual do Prelado,2015-07-01,2019-06-20,2015-12-17
0000.35.1716,Área de Proteção Ambiental da Serra do Mar,2015-07-01,2019-06-20,2009-09-28
0000.35.1964,Parque Estadual Restinga de Bertioga,2015-07-01,2019-06-20,2015-12-17
0000.35.1968,Pedra do Baú,2015-07-01,2019-06-20,2006-12-05
0000.35.1969,Parque Estadual do Rio Turvo,2015-07-01,2019-06-20,2015-12-17
0000.35.2559,Horto Florestal de São Paulo,2015-07-01,2019-06-20,2006-11-18
0000.35.2701,Estação Ecológica de Itirapina,2015-07-01,2019-06-20,2015-04-29
0000.35.2839,Parque Estadual Nascentes do Paranapanema,2015-07-01,2019-06-20,2013-04-03
0000.35.2867,Parque Estadual das Fontes do Ipiranga,2015-07-01,2019-06-20,2006-05-02
0000.35.2936,Estação Ecológica Angatuba,2015-07-01,2019-06-20,2013-07-13
0000.41.0499,Parque Estadual do Cerrado,2015-07-01,2019-06-20,2010-02-10
0000.41.0513,Parque Estadual de Campinhos,2015-07-01,2019-06-20,2010-01-08
0000.41.0514,Parque Estadual do Boguaçu,2015-07-01,2019-06-20,2010-02-15
0000.41.0518,Parque Estadual do Pau-Oco,2015-07-01,2019-06-20,2015-04-24
0000.41.0529,Parque Estadual da Ilha do Mel,2015-07-01,2019-06-20,2014-04-17
0000.41.0531,Parque Estadual Serra da Baitaca,2015-07-01,2019-06-20,2015-06-14
0000.41.0532,Parque Estadual Pico do Paraná,2015-07-01,2019-06-20,2011-05-13
0000.41.0539,Reserva Biológica São Camilo,2015-07-01,2019-06-20,2008-03-25
0000.41.0540,Conjunto Marumbi,2015-07-01,2019-06-20,2008-07-09
0000.41.0541,Parque Estadual da Graciosa,2015-07-01,2019-06-20,2010-02-15
0000.41.0549,Parque Estadual do Guartelá,2015-07-01,2019-06-20,2010-02-12
0000.41.0550,Parque Estadual de Vila Velha,2015-07-01,2019-06-20,2005-04-20
0000.42.0780,Parque Estadual da Serra Furada,2015-07-01,2019-06-20,2005-06-08
0000.42.0786,Parque Estadual da Serra do Tabuleiro,2015-07-01,2019-06-20,2006-05-02
0000.42.0789,Parque Estadual Fritz Plaumann,2015-07-01,2019-06-20,2009-10-07
0000.42.0791,Parque Estadual do Acaraí,2015-07-01,2019-06-20,2005-09-30
0000.42.1844,Parque Estadual do Rio Vermelho,2015-07-01,2019-06-20,2005-07-18
0000.43.1018,Parque Estadual do Turvo,2015-07-01,2019-06-20,2009-05-30
0000.43.1019,Parque Florestal Estadual Espigão Alto,2015-07-01,2019-06-20,2005-12-28
0000.43.1863,Parque Estadual de Itapeva,2015-07-01,2019-06-20,2012-05-21
0000.43.1994,Parque Estadual de Itapuã,2015-07-01,2019-06-20,2008-01-30
0000.43.2000,Parque Estadual Delta do Jacuí,2015-07-01,2019-06-20,2012-05-21
0000.43.2004,Parque Estadual da Quarta Colônia,2015-07-01,2019-06-20,2012-05-21
0000.43.2005,Parque Estadual do Tainhas,2015-07-01,2019-06-20,2012-05-23
0000.43.2007,Reserva Biológica do Ibirapuitã,2015-07-01,2019-06-20,2010-04-13
0000.43.2008,Reserva Biológica Estadual Mata Paludosa,2015-07-01,2019-06-20,2012-05-23
0000.43.2009,Reserva Biológica do São Donato,2015-07-01,2019-06-20,2012-05-23
0000.43.3736,Parque Estadual do Camaquã,2015-07-01,2019-06-20,2012-05-23
0000.50.0419,Parque Estadual do Prosa,2015-07-01,2019-06-20,2006-10-12
0000.50.0420,Parque Estadual das Várzeas do Rio Ivinhema,2015-07-01,2019-06-20,2005-12-02
0000.50.0422,Parque Estadual Mata do Segredo,2015-07-01,2019-06-20,2005-12-22
0000.50.1515,Monumento Natural da Gruta do Lago Azul,2015-07-01,2019-06-20,2010-11-10
0000.51.0448,Parque Estadual da Serra de Ricardo Franco,2015-07-01,2019-06-20,2005-12-22
0000.51.0462,Parque Estadual Serra de Santa Bárbara,2015-07-01,2019-06-20,2005-12-22
0000.51.0464,Parque Mãe Bonifácia,2015-07-01,2019-06-20,2007-05-30
0000.51.0465,Parque Estadual Gruta da Lagoa Azul,2015-07-01,2019-06-20,2005-12-22
0000.51.0470,Parque Estadual do Xingu,2015-07-01,2019-06-20,2007-06-28
0000.51.0472,Parque Estadual da Serra Azul,2015-07-01,2019-06-20,2005-12-22
0000.51.0477,Parque Estadual Guirá,2015-07-01,2019-06-20,2005-12-22
0000.51.1901,Parque Estadual do Cristalino,2015-07-01,2019-06-20,2005-12-22
0000.51.1902,Parque Estadual do Cristalino,2015-07-01,2019-06-20,2005-12-22
0000.51.1916,Parque Estadual Encontro das Águas,2015-07-01,2019-06-20,2012-12-17
0000.52.0899,Parque Estadual Altamiro de Moura Pacheco,2015-07-01,2019-06-20,2005-12-02
0000.52.1738,Parque Estadual da Serra de Caldas Novas,2015-07-01,2019-06-20,2005-12-02
0000.52.1739,Parque Estadual dos Pirineus,2015-07-01,2019-06-20,2007-10-31
0000.52.1740,Parque Estadual Terra Ronca,2015-07-01,2019-06-20,2005-12-02
0000.52.1744,Parque Estadual do Araguaia,2015-07-01,2019-06-20,2005-12-02
0000.52.1745,Parque Estadual da Serra Dourada,2015-07-01,2019-06-20,2009-06-08
0000.53.1634,Estação Ecológica de Águas Emendadas,2015-07-01,2019-06-20,2010-08-12
0455.33.1788,Reserva de Marapendi,2015-07-01,2019-06-20,2008-03-03
0455.33.1789,Reserva de Marapendi,2015-07-01,2019-06-20,2008-03-03
0520.32.2778,Parque Natural Municipal de Jacarenema,2015-07-01,2019-06-20,2006-05-01
0530.32.2644,Parque Estadual da Fonte Grande,2015-07-01,2019-06-20,2005-12-02
0810.24.1851,Parque da Cidade Dom Nivaldo Monte,2015-07-01,2019-06-20,2008-02-19
4730.35.2799,Reserva Biológica Tamboré,2015-07-01,2019-06-20,2008-06-17
0000.00.0005,Área de Proteção Ambiental da Bacia do Rio São João - Mico Leão,2015-07-01,2019-06-20,2013-03-04
0000.00.0006,Área de Proteção Ambiental da Baleia Franca,2015-07-01,2019-06-20,2013-04-16
0000.00.0014,Área de Proteção Ambiental de Cananéia-Iguapé-Peruíbe,2015-07-01,2019-06-20,2013-02-15
0000.00.0023,Área de Proteção Ambiental do Planalto Central,2015-07-01,2019-06-20,2015-06-18
0000.00.0025,Área de Proteção Ambiental Ilhas e Várzeas do Rio Paraná,2015-07-01,2019-06-20,2013-02-15
0000.00.0035,Área de Relevante Interesse Ecológico Floresta da Cicuta,2015-07-01,2019-06-20,2013-03-04
0000.00.0039,Área de Relevante Interesse Ecológico Manguezais da Foz do Rio Mamanguape,2015-07-01,2019-06-20,2013-07-11
0000.00.0041,Área de Relevante Interesse Ecológico Matão de Cosmópolis,2015-07-01,2019-06-20,2013-02-15
0000.00.0045,Área de Relevante Interesse Ecológico Serra da Abelha,2015-07-01,2019-06-20,2011-12-30
0000.00.0077,Floresta Nacional Açungui,2015-07-01,2019-06-20,2015-06-14
0000.00.0078,Floresta Nacional de Caçador,2015-07-01,2019-06-20,2010-04-26
0000.00.0079,Floresta Nacional de Capão Bonito,2015-07-01,2019-06-20,2013-02-15
0000.00.0080,Floresta Nacional Chapecó,2015-07-01,2019-06-20,2008-06-03
0000.00.0087,Floresta Nacional de Canela,2015-07-01,2019-06-20,2012-05-24
0000.00.0093,Floresta Nacional de Ibirama,2015-07-01,2019-06-20,2008-08-30
0000.00.0094,Floresta Nacional de Ipanema,2015-07-01,2019-06-20,2006-11-25
0000.00.0102,Floresta Nacional de Palmares,2015-07-01,2019-06-20,2018-03-23
0000.00.0103,Floresta Nacional de Paraopeba,2015-07-01,2019-06-20,2013-03-04
0000.00.0111,Floresta Nacional de Sobral,2015-07-01,2019-06-20,2009-05-14
0000.00.0115,Floresta Nacional do Araripe-Apodi,2015-07-01,2019-06-20,2006-09-26
0000.00.0118,Floresta Nacional do Jamari,2015-07-01,2019-06-20,2008-05-14
0000.00.0119,Floresta Nacional de Jatuarana,2015-07-01,2019-06-20,2013-02-17
0000.00.0125,Floresta Nacional de Irati,2015-07-01,2019-06-20,2014-09-07
0000.00.0127,Floresta Nacional Mário Xavier,2015-07-01,2019-06-20,2008-10-02
0000.00.0130,Floresta Nacional de Passo Fundo,2015-07-01,2019-06-20,2012-05-24
0000.00.0131,Floresta Nacional de Piraí do Sul,2015-07-01,2019-06-20,2010-12-08
0000.00.0218,Reserva de Desenvolvimento Sustentável de Itatupã-Baquiá,2015-07-01,2019-06-20,2009-09-09
0000.00.0219,Refúgio de Vida Silvestre das Veredas do Oeste Baiano,2015-07-01,2019-06-20,2009-09-11
0000.00.0221,Reserva Extrativista Barreiro das Antas,2015-07-01,2019-06-20,2009-06-19
0000.00.0226,Reserva Extrativista da Mata Grande,2015-07-01,2019-06-20,2009-06-19
0000.00.0241,Reserva Extrativista Ipaú-Anilzinho,2015-07-01,2019-06-20,2008-11-11
0000.00.0257,Reserva Extrativista Riozinho da Liberdade,2015-07-01,2019-06-20,2009-06-19
0000.00.0258,Reserva Extrativista Riozinho do Anfrísio,2015-07-01,2019-06-20,2009-06-19
0000.00.0273,Reserva Extrativista Arioca Pruanã,2015-07-01,2019-06-20,2009-06-19
0000.00.0278,Refúgio de Vida Silvestre dos Campos de Palmas,2015-07-01,2019-06-20,2009-09-11
0000.00.0279,Reserva Extrativista de Cururupu,2015-07-01,2019-06-20,2009-06-19
0000.00.0280,Reserva Extrativista Rio Iriri,2015-07-01,2019-06-20,2009-06-19
0000.00.0286,Reserva Extrativista do Recanto das Araras de Terra Ronca,2015-07-01,2019-06-20,2009-06-19
0000.00.0287,Reserva Extrativista Lago do Cedro,2015-07-01,2019-06-20,2009-06-19
0000.00.0288,Reserva Extrativista Gurupá-Melgaço,2015-07-01,2019-06-20,2009-06-19
0000.00.1247,Serra do Caraça,2015-07-01,2019-06-20,2006-11-16
0000.00.1381,Fazenda Não Me Deixes,2015-07-01,2019-06-20,2006-11-04
0000.00.1519,Reserva Extrativista do Ciriaco,2015-07-01,2019-06-20,2009-06-19
0000.00.1520,Reserva Extrativista do Quilombo do Frechal,2015-07-01,2019-06-20,2009-06-19
0000.00.1635,Reserva Extrativista Rio Xingu,2015-07-01,2019-06-20,2009-06-19
0000.00.1810,Reserva Extrativista Renascer,2015-07-01,2019-06-20,2009-06-19
0000.00.2101,Reserva Particular do Patrimônio Natural Estação Veracel/Veracruz,2015-07-01,2019-06-20,2017-11-14
0000.00.3432,Alcatrazes,2015-07-01,2019-06-20,2005-09-07
0000.00.3519,Parque Nacional dos Campos Ferruginosos,2015-07-01,2019-06-20,2017-10-17
0000.00.3651,Reserva Extrativista Itapetininga,2015-07-01,2019-06-20,2018-10-27
0000.00.3652,Parque Nacional do Boqueirão da Onça,2015-07-01,2019-06-20,2018-12-07
0000.00.3653,Reserva Extrativista Baía do Tubarão,2015-07-01,2019-06-20,2018-10-18
0000.00.3654,Reserva Extrativista de Arapiranga-Tromaí,2015-07-01,2019-06-20,2018-10-27
0000.00.3694,Refúgio de Vida Silvestre da Ararinha-azul,2015-07-01,2019-06-20,2018-08-27
0000.00.3696,Área de Proteção Ambiental da Ararinha-azul,2015-07-01,2019-06-20,2018-08-27
0000.12.0940,Área de Proteção Ambiental Igarapé São Francisco,2015-07-01,2019-06-20,2013-02-16
0000.12.0941,Área de Proteção Ambiental Lago do Amapá,2015-07-01,2019-06-20,2013-02-16
0000.15.1027,Área de Proteção Ambiental da Ilha do Combu,2015-07-01,2019-06-20,2013-02-21
0000.15.1881,Refúgio de Vida Silvestre Metrópole da Amazônia,2015-07-01,2019-06-20,2012-05-21
0000.15.3478,Refúgio de Vida Silvestre Tabuleiro do Embaubal,2015-07-01,2019-06-20,2018-07-18
0000.15.3479,Refúgio de Vida Silvestre Padre Sérgio Tonetto,2015-07-01,2019-06-20,2018-07-18
0000.15.3480,Reserva de Desenvolvimento Sustentável Vitória de Souzel,2015-07-01,2019-06-20,2018-07-18
0000.15.3481,Reserva de Desenvolvimento Sustentável Campo das Mangabas,2015-07-01,2019-06-20,2018-07-18
0000.21.1885,Área de Proteção Ambiental das Reentrâncias Maranhenses,2015-07-01,2019-06-20,2012-02-08
0000.21.1889,Área de Proteção Ambiental da Foz do Rio das Preguiças-Pequenos Lençóis-Região Lagunar Adjacente,2015-07-01,2019-06-20,2018-05-26
0000.21.1890,Área de Proteção Ambiental do Itapiracó,2015-07-01,2019-06-20,2018-05-23
0000.21.1892,APA dos Morros Garapenses,2015-07-01,2019-06-20,2018-05-26
0000.21.1893,Área de Proteção Ambiental da Região do Maracanã,2015-07-01,2019-06-20,2018-05-26
0000.23.0946,Área de Proteção Ambiental da Serra de Baturité,2015-07-01,2019-06-20,2015-08-02
0000.23.0951,Área de Proteção Ambiental do Estuário do Rio Ceará,2015-07-01,2019-06-20,2015-03-10
0000.23.0959,Área de Proteção Ambiental do Rio Pacoti,2015-07-01,2019-06-20,2015-03-10
0000.23.1932,Área de Relevante Interesse Ecológico do Sítio Curió,2015-07-01,2019-06-20,2015-03-12
0000.24.1468,Reserva de Desenvolvimento Sustentável Estadual Ponta do Tubarão,2015-07-01,2019-06-20,2009-06-20
0000.24.1473,Parque Estadual Mata da Pipa,2015-07-01,2019-06-20,2009-06-20
0000.25.0485,Área de Proteção Ambiental das Onças,2015-07-01,2019-06-20,2007-07-03
0000.25.0488,Unidade de Conservação Estadual da Mata do Xem-Xem,2015-07-01,2019-06-20,2006-10-02
0000.25.0490,Área de Proteção Ambiental de Tambaba,2015-07-01,2019-06-20,2007-07-03
0000.25.0901,Parque Estadual Mata do Pau-Ferro,2015-07-01,2019-06-20,2008-02-21
0000.25.2330,Unidade de Conservação Estadual Mata de Goiamunduba,2015-07-01,2019-06-20,2007-07-03
0000.25.2333,Parque Estadual Mata do Aratu,2015-07-01,2019-06-20,2007-07-03
0000.26.3330,Mata do Engenho Uchôa,2015-07-01,2019-06-20,2012-01-13
0000.29.0315,Área de Proteção Ambiental das Lagoas e Dunas do Abaeté,2015-07-01,2019-06-20,2011-05-18
0000.29.0320,Área de Proteção Ambiental da Baía de Todos-os-Santos,2015-07-01,2019-06-20,2012-11-18
0000.29.0321,Área de Proteção Ambiental Bacia do Cobre - São Bartolomeu,2015-07-01,2019-06-20,2014-05-04
0000.31.0385,Parque Estadual Serra do Brigadeiro,2015-07-01,2019-06-20,2006-06-01
0000.31.0403,Parque Estadual de Sete Salões,2015-07-01,2019-06-20,2013-11-23
0000.31.0405,Área de Proteção Ambiental Estadual das Águas Vertentes,2015-07-01,2019-06-20,2006-09-22
0000.31.0409,Parque Estadual do Rio Corrente,2015-07-01,2019-06-20,2016-02-08
0000.31.0410,Parque Estadual Serra da Candonga,2015-07-01,2019-06-20,2016-02-05
0000.31.0413,Parque Estadual do Itacolomi,2015-07-01,2019-06-20,2007-11-11
0000.31.1762,Parque Estadual Serra do Intendente,2015-07-01,2019-06-20,2012-06-13
0000.31.1770,Parque Estadual do Pau Furado,2015-07-01,2019-06-20,2007-02-06
0000.31.2619,Parque Estadual da Serra do Ouro Branco,2015-07-01,2019-06-20,2011-10-10
0000.32.0336,Área de Proteção Ambiental de Conceição da Barra,2015-07-01,2019-06-20,2015-01-20
0000.33.0727,Serra de Sapiatiba,2015-07-01,2019-06-20,2011-05-20
0000.33.0729,Área de proteção ambiental de Maricá,2015-07-01,2019-06-20,2014-10-17
0000.33.1481,Estação Ecológica Estadual de Guaxindiba,2015-07-01,2019-06-20,2017-04-12
0000.33.1620,Parque Estadual Cunhambebe,2015-07-01,2019-06-20,2012-03-20
0000.33.2721,Parque Estadual da Lagoa do Açú,2015-07-01,2019-06-20,2019-01-13
0000.35.0852,Floresta Estadual Edmundo Navarro de Andrade,2015-07-01,2019-06-20,2007-07-20
0000.35.0859,Parque Estadual do Jaraguá,2015-07-01,2019-06-20,2005-01-07
0000.35.0913,Parque Estadual da Assessoria de Referência Agrária,2015-07-01,2019-06-20,2015-12-16
0000.35.1700,"Área de Proteção Ambiental Corumbataí, Botucatu e Tejupá",2015-07-01,2019-06-20,2017-09-13
0000.35.1703,Área de Proteção Ambiental de Itupararanga,2015-07-01,2019-06-20,2011-02-13
0000.35.1707,Área de Proteção Ambiental Parque e Fazenda do Carmo,2015-07-01,2019-06-20,2007-11-12
0000.35.1965,Parque Estadual do Itapetinga,2015-07-01,2019-06-20,2015-12-17
0000.35.1966,Parque Estadual Itaberaba,2015-07-01,2019-06-20,2015-12-17
0000.35.1967,Monumento Natural Estadual da Pedra Grande,2015-07-01,2019-06-20,2012-02-14
0000.35.1972,"Área de Proteção Ambiental Corumbataí, Botucatu e Tejupá",2015-07-01,2019-06-20,2017-09-13
0000.35.1973,"Área de Proteção Ambiental Corumbataí, Botucatu e Tejupá",2015-07-01,2019-06-20,2017-09-13
0000.35.2699,Estação Ecológica de Santa Bárbara,2015-07-01,2019-06-20,2017-08-10
0000.41.0498,Área de Proteção Ambiental da Escarpa Devoniana,2015-07-01,2019-06-20,2017-01-25
0000.41.0501,Área de Proteção Ambiental do Iraí,2015-07-01,2019-06-20,2010-02-06
0000.41.0505,Parque Estadual do Rio Guarani,2015-07-01,2019-06-20,2007-09-18
0000.41.0511,Parque Estadual Lago Azul,2015-07-01,2019-06-20,2012-06-05
0000.41.0525,Parque Estadual do Penhasco Verde,2015-07-01,2019-06-20,2013-02-27
0000.41.0527,Mata dos Godoy,2015-07-01,2019-06-20,2005-08-19
0000.41.0534,Parque Estadual de Caxambu,2015-07-01,2019-06-20,2014-04-16
0000.41.0546,Parque Estadual das Lauráceas,2015-07-01,2019-06-20,2014-04-16
0000.41.0547,Bosque do Papa,2015-07-01,2019-06-20,2005-10-01
0000.41.0552,Parque Estadual de Palmas,2015-07-01,2019-06-20,2014-04-16
0000.41.1576,Parque Estadual do Vale do Codó,2015-07-01,2019-06-20,2010-02-11
0000.41.1577,Gruta da Lancinha,2015-07-01,2019-06-20,2011-10-03
0000.41.3183,Parque Estadual de Amaporã,2015-07-01,2019-06-20,2015-04-25
0000.42.0787,Parque Estadual Rio Canoas,2015-07-01,2019-06-20,2006-10-29
0000.42.0788,Parque Estadual Bosque das Araucárias,2015-07-01,2019-06-20,2010-02-15
0000.43.1020,Parque Estadual do Espinilho,2015-07-01,2019-06-20,2008-05-21
0000.43.1987,Área de Proteção Ambiental Delta do Jacuí,2015-07-01,2019-06-20,2012-05-21
0000.43.1988,Área de Proteção Ambiental do Banhado Grande,2015-07-01,2019-06-20,2012-05-21
0000.43.1993,Reserva Biológica do Mato Grande,2015-07-01,2019-06-20,2012-05-23
0000.43.1995,Estação Ecológica Estadual Aratinga,2015-07-01,2019-06-20,2012-05-21
0000.43.1996,Área de Proteção Ambiental Rota do Sol,2015-07-01,2019-06-20,2012-05-21
0000.43.2001,Parque Estadual do Ibitiriá,2015-07-01,2019-06-20,2012-05-23
0000.43.2002,Parque Estadual do Papagaio-Charão,2015-07-01,2019-06-20,2012-05-23
0000.43.2003,Parque Estadual do Podocarpus,2015-07-01,2019-06-20,2012-05-23
0000.43.2006,Refúgio de Vida Silvestre Banhado dos Pachecos,2015-07-01,2019-06-20,2012-05-23
0000.43.2010,Reserva Biológica da Serra Geral,2015-07-01,2019-06-20,2012-05-23
0000.50.0423,Parque Estadual do Pantanal do Rio Negro,2015-07-01,2019-06-20,2005-12-22
0000.52.0900,Área de Proteção Ambiental Pouso Alto,2015-07-01,2019-06-20,2006-02-12
0000.52.1743,Parque Estadual de Paraúna,2015-07-01,2019-06-20,2005-12-02
0000.52.1751,Área de Proteção Ambiental Serra da Jibóia,2015-07-01,2019-06-20,2015-05-03
0000.53.1640,Área de Proteção Ambiental de Cafuringa,2015-07-01,2019-06-20,2009-10-07
0080.15.1960,Parque Ambiental Antonio Danúbio,2015-07-01,2019-06-20,2018-05-08
0080.15.2663,Museu Parque Seringal,2015-07-01,2019-06-20,2018-05-08
0220.32.2039,Parque Municipal do Goiapaba-Açu,2015-07-01,2019-06-20,2008-04-20
0240.32.2939,Parque Natural Municipal Morro da Pescaria,2015-07-01,2019-06-20,2011-01-14
0350.33.1580,Parque Municipal de Nova Iguaçu,2015-07-01,2019-06-20,2007-02-13
0440.23.3295,Parque Natural Municipal das Dunas de Sabiaguaba,2015-07-01,2019-06-20,2015-03-10
0455.33.1785,Bosque da Freguesia,2015-07-01,2019-06-20,2008-09-05
0455.33.1786,Bosque da Barra,2015-07-01,2019-06-20,2008-03-03
0455.33.1790,Parque Ecológico Chico Mendes,2015-07-01,2019-06-20,2008-03-04
0455.33.1802,Parque da Cidade (Rio de Janeiro),2015-07-01,2019-06-20,2008-03-04
0530.32.2646,Parque Municipal Gruta da Onça,2015-07-01,2019-06-20,2007-03-06
0790.51.3196,Parque Ecológico de Sinop,2015-07-01,2019-06-20,2013-01-30
1750.31.3155,Parque Natural Municipal do Tabuleiro,2015-07-01,2019-06-20,2018-06-09
2300.43.3400,Parque Natural Municipal Saint’Hilaire,2015-07-01,2019-06-20,2009-02-06
3670.31.3597,Parque da Lajinha,2015-07-01,2019-06-20,2008-06-04
4780.35.2580,Parque do Pedroso,2015-07-01,2019-06-20,2008-04-10
4870.35.2955,Parque Natural Estoril,2015-07-01,2019-06-20,2018-04-30
5030.35.1959,Área de Proteção Ambiental Municipal do Capivari-Monos,2015-07-01,2019-06-20,2005-04-29
5030.35.1961,Área de Proteção Ambiental Municipal do Bororé-Colônia,2015-07-01,2019-06-20,2017-02-22
